element,position,player_code,first_name,second_name,fixture_code,total_points,modified,minutes,goals_scored,assists,clean_sheets,goals_conceded,own_goals,penalties_saved,penalties_missed,yellow_cards,red_cards,saves,bonus,bps,influence,creativity,threat,ict_index,clearances_blocks_interceptions,recoveries,tackles,defensive_contribution,starts,expected_goals,expected_assists,expected_goal_involvements,expected_goals_conceded,value,transfers_balance,selected,transfers_in,transfers_out,team_code
109,GKP,489639,Bart,Verbruggen,2645201,6,False,90,0,0,1,0,0,0,0,0,0,0,0,25,6.6,0.0,0.0,0.7,0,4,0,0,1,0.00,0.00,0.00,0.29,45,0,1987586,0,0,36
109,GKP,489639,Bart,Verbruggen,2645207,0,False,90,0,0,0,4,0,0,0,0,0,1,0,-1,10.2,0.0,0.0,1.0,0,14,0,0,1,0.00,0.00,0.00,2.93,45,39276,2133814,84756,45480,36
109,GKP,489639,Bart,Verbruggen,2645217,3,False,90,0,0,0,1,0,0,0,0,0,3,0,17,29.2,3.0,0.0,3.2,0,5,0,0,1,0.00,0.20,0.20,2.49,45,114050,2293721,270948,156898,36
109,GKP,489639,Bart,Verbruggen,2645228,8,False,90,0,0,1,0,0,0,0,0,0,6,0,39,47.8,0.0,0.0,4.8,3,7,0,0,1,0.00,0.00,0.00,1.33,45,51727,2390519,248699,196972,36
109,GKP,489639,Bart,Verbruggen,2645237,6,False,90,0,0,1,0,0,0,0,0,0,2,0,27,20.0,0.0,0.0,2.0,0,4,0,0,1,0.00,0.00,0.00,1.63,45,-47432,2292499,89072,136504,36
111,GKP,49262,Jason,Steele,2645201,0,False,0,0,0,0,0,0,0,0,0,0,0,0,0,0.0,0.0,0.0,0.0,0,0,0,0,0,0.00,0.00,0.00,0.00,40,0,369830,0,0,36
111,GKP,49262,Jason,Steele,2645207,0,False,0,0,0,0,0,0,0,0,0,0,0,0,0,0.0,0.0,0.0,0.0,0,0,0,0,0,0.00,0.00,0.00,0.00,40,-3330,398691,10714,14044,36
111,GKP,49262,Jason,Steele,2645217,0,False,0,0,0,0,0,0,0,0,0,0,0,0,0,0.0,0.0,0.0,0.0,0,0,0,0,0,0.00,0.00,0.00,0.00,40,27834,459848,62093,34259,36
111,GKP,49262,Jason,Steele,2645228,0,False,0,0,0,0,0,0,0,0,0,0,0,0,0,0.0,0.0,0.0,0.0,0,0,0,0,0,0.00,0.00,0.00,0.00,40,10916,460442,46956,36040,36
111,GKP,49262,Jason,Steele,2645237,0,False,0,0,0,0,0,0,0,0,0,0,0,0,0,0.0,0.0,0.0,0.0,0,0,0,0,0,0.00,0.00,0.00,0.00,40,-988,463243,20424,21412,36
113,DEF,231416,Ferdi,Kadıoğlu,2645201,0,False,0,0,0,0,0,0,0,0,0,0,0,0,0,0.0,0.0,0.0,0.0,0,0,0,0,0,0.00,0.00,0.00,0.00,45,0,265528,0,0,36
113,DEF,231416,Ferdi,Kadıoğlu,2645207,0,False,90,0,0,0,4,0,0,0,0,0,0,0,-4,2.8,16.7,8.0,2.8,0,2,0,0,1,0.02,0.01,0.03,2.93,45,-48824,221172,2580,51404,36
113,DEF,231416,Ferdi,Kadıoğlu,2645217,2,False,77,0,0,0,1,0,0,0,0,0,0,0,8,12.6,12.5,19.0,4.4,4,2,1,5,1,0.06,0.01,0.07,2.40,44,-19909,203285,12724,32633,36
113,DEF,231416,Ferdi,Kadıoğlu,2645228,6,False,90,0,0,1,0,0,0,0,0,0,0,0,24,6.4,15.4,0.0,2.2,2,1,0,2,1,0.00,0.09,0.09,1.33,44,-18414,186000,6832,25246,36
113,DEF,231416,Ferdi,Kadıoğlu,2645237,5,False,75,0,0,1,0,0,0,0,1,0,0,0,18,9.4,13.5,5.0,2.8,3,3,0,3,1,0.04,0.02,0.06,0.89,44,-13983,170937,4277,18260,36
114,DEF,204120,Olivier,Boscagli,2645201,6,False,90,0,0,1,0,0,0,0,0,0,0,0,29,15.2,7.3,6.0,2.9,5,4,1,6,1,0.00,0.04,0.04,0.29,45,0,19109,0,0,36
114,DEF,204120,Olivier,Boscagli,2645207,-1,False,90,0,0,0,4,0,0,0,1,0,0,0,-2,16.8,26.6,11.0,5.4,3,2,0,3,1,0.05,0.11,0.16,2.93,45,2544,26909,4103,1559,36
114,DEF,204120,Olivier,Boscagli,2645217,2,False,90,0,0,0,1,0,0,0,0,0,0,0,17,20.6,62.3,0.0,8.3,4,4,0,4,1,0.00,0.33,0.33,2.49,45,2298,31479,6293,3995,36
114,DEF,204120,Olivier,Boscagli,2645228,6,False,77,0,0,1,0,0,0,0,0,0,0,0,25,11.6,14.3,2.0,2.8,8,5,1,9,1,0.01,0.03,0.04,1.11,45,-585,30469,2439,3024,36
114,DEF,204120,Olivier,Boscagli,2645237,6,False,90,0,0,1,0,0,0,0,0,0,0,0,24,13.0,5.2,2.0,2.0,5,2,2,7,1,0.01,0.02,0.03,1.63,45,-1117,28873,1382,2499,36
115,DEF,465730,Maxim,De Cuyper,2645201,17,False,77,1,1,1,0,0,0,0,0,0,0,2,46,40.6,45.3,43.0,12.9,1,3,3,4,1,1.47,0.21,1.68,0.29,45,0,151636,0,0,36
115,DEF,465730,Maxim,De Cuyper,2645207,0,False,90,0,0,0,4,0,0,0,0,0,0,0,-2,8.8,23.7,5.0,3.8,2,3,0,2,1,0.03,0.05,0.08,2.93,46,473840,847829,494998,21158,36
115,DEF,465730,Maxim,De Cuyper,2645217,4,False,76,0,1,0,1,0,0,0,1,0,0,0,17,19.6,22.1,2.0,4.4,1,4,1,2,1,0.00,0.14,0.14,2.40,47,762031,1978466,871841,109810,36
115,DEF,465730,Maxim,De Cuyper,2645228,11,False,90,0,1,1,0,0,0,0,0,0,0,2,41,24.8,46.9,3.0,7.5,1,4,0,1,1,0.03,0.04,0.07,1.33,48,509874,2489501,640942,131068,36
115,DEF,465730,Maxim,De Cuyper,2645237,6,False,90,0,0,1,0,0,0,0,1,0,0,1,30,14.6,33.8,4.0,5.2,3,4,4,7,1,0.02,0.23,0.25,1.63,49,287563,2649636,410558,122995,36
116,DEF,83299,Lewis,Dunk,2645201,6,False,90,0,0,1,0,0,0,0,0,0,0,0,24,13.4,6.4,0.0,2.0,1,2,1,2,1,0.00,0.04,0.04,0.29,45,0,88762,0,0,36
116,DEF,83299,Lewis,Dunk,2645207,-1,False,90,0,0,0,4,0,0,0,1,0,0,0,-4,14.8,2.0,0.0,1.7,2,4,1,3,1,0.00,0.01,0.01,2.93,45,8033,118436,13343,5310,36
116,DEF,83299,Lewis,Dunk,2645217,5,False,90,0,0,0,1,0,0,0,0,0,0,1,20,30.8,1.9,4.0,3.7,12,5,0,12,1,0.00,0.01,0.01,2.49,45,6568,133493,20326,13758,36
116,DEF,83299,Lewis,Dunk,2645228,12,False,90,1,0,1,0,0,0,0,0,0,0,0,39,57.2,4.3,7.0,6.9,5,2,1,6,1,0.03,0.03,0.06,1.33,45,9404,148520,19779,10375,36
116,DEF,83299,Lewis,Dunk,2645237,0,False,0,0,0,0,0,0,0,0,0,0,0,0,0,0.0,0.0,0.0,0.0,0,0,0,0,0,0.00,0.00,0.00,0.00,45,16492,165566,28113,11621,36
117,DEF,550090,Diego,Coppola,2645201,0,False,0,0,0,0,0,0,0,0,0,0,0,0,0,0.0,0.0,0.0,0.0,0,0,0,0,0,0.00,0.00,0.00,0.00,45,0,1583,0,0,36
117,DEF,550090,Diego,Coppola,2645207,0,False,0,0,0,0,0,0,0,0,0,0,0,0,0,0.0,0.0,0.0,0.0,0,0,0,0,0,0.00,0.00,0.00,0.00,45,-33,1892,191,224,36
117,DEF,550090,Diego,Coppola,2645217,0,False,0,0,0,0,0,0,0,0,0,0,0,0,0,0.0,0.0,0.0,0.0,0,0,0,0,0,0.00,0.00,0.00,0.00,45,-35,2029,261,296,36
117,DEF,550090,Diego,Coppola,2645228,0,False,0,0,0,0,0,0,0,0,0,0,0,0,0,0.0,0.0,0.0,0.0,0,0,0,0,0,0.00,0.00,0.00,0.00,45,-50,2061,180,230,36
117,DEF,550090,Diego,Coppola,2645237,0,False,0,0,0,0,0,0,0,0,0,0,0,0,0,0.0,0.0,0.0,0.0,0,0,0,0,0,0.00,0.00,0.00,0.00,45,-33,2071,180,213,36
118,DEF,223434,Igor Julio,dos Santos de Paulo,2645201,0,False,0,0,0,0,0,0,0,0,0,0,0,0,0,0.0,0.0,0.0,0.0,0,0,0,0,0,0.00,0.00,0.00,0.00,45,0,7195,0,0,36
118,DEF,223434,Igor Julio,dos Santos de Paulo,2645207,0,False,0,0,0,0,0,0,0,0,0,0,0,0,0,0.0,0.0,0.0,0.0,0,0,0,0,0,0.00,0.00,0.00,0.00,45,-404,8240,471,875,36
118,DEF,223434,Igor Julio,dos Santos de Paulo,2645217,0,False,0,0,0,0,0,0,0,0,0,0,0,0,0,0.0,0.0,0.0,0.0,0,0,0,0,0,0.00,0.00,0.00,0.00,45,-1451,7052,444,1895,36
118,DEF,223434,Igor Julio,dos Santos de Paulo,2645228,0,False,0,0,0,0,0,0,0,0,0,0,0,0,0,0.0,0.0,0.0,0.0,0,0,0,0,0,0.00,0.00,0.00,0.00,45,-1990,5099,0,1990,36
118,DEF,223434,Igor Julio,dos Santos de Paulo,2645237,0,False,0,0,0,0,0,0,0,0,0,0,0,0,0,0.0,0.0,0.0,0.0,0,0,0,0,0,0.00,0.00,0.00,0.00,45,-883,4271,0,883,36
119,DEF,451490,João Pedro,Loureiro da Costa,2645201,1,False,26,0,0,0,0,0,0,0,0,0,0,0,7,8.2,1.9,18.0,2.8,3,0,1,4,0,0.12,0.00,0.12,0.10,45,0,2148,0,0,36
119,DEF,451490,João Pedro,Loureiro da Costa,2645207,0,False,10,0,0,0,0,0,0,0,1,0,0,0,-1,0.0,0.3,0.0,0.0,0,0,0,0,0,0.00,0.00,0.00,0.04,45,59,3512,285,226,36
119,DEF,451490,João Pedro,Loureiro da Costa,2645217,1,False,12,0,0,0,0,0,0,0,0,0,0,0,7,5.8,14.5,0.0,2.0,1,0,0,1,0,0.00,0.16,0.16,0.10,45,-72,3762,400,472,36
119,DEF,451490,João Pedro,Loureiro da Costa,2645228,1,False,6,0,0,0,0,0,0,0,0,0,0,0,3,1.2,0.3,0.0,0.2,1,1,0,1,0,0.00,0.00,0.00,0.04,45,-117,3722,204,321,36
119,DEF,451490,João Pedro,Loureiro da Costa,2645237,1,False,14,0,0,0,0,0,0,0,0,0,0,0,2,1.2,3.0,0.0,0.4,1,0,0,1,0,0.00,0.14,0.14,0.74,45,-90,3724,216,306,36
120,DEF,454490,Michael,Svoboda,2645201,0,False,0,0,0,0,0,0,0,0,0,0,0,0,0,0.0,0.0,0.0,0.0,0,0,0,0,0,0.00,0.00,0.00,0.00,50,0,3997,0,0,36
120,DEF,454490,Michael,Svoboda,2645207,0,False,0,0,0,0,0,0,0,0,0,0,0,0,0,0.0,0.0,0.0,0.0,0,0,0,0,0,0.00,0.00,0.00,0.00,50,84,5185,768,684,36
120,DEF,454490,Michael,Svoboda,2645217,0,False,0,0,0,0,0,0,0,0,0,0,0,0,0,0.0,0.0,0.0,0.0,0,0,0,0,0,0.00,0.00,0.00,0.00,50,-124,5613,863,987,36
120,DEF,454490,Michael,Svoboda,2645228,0,False,0,0,0,0,0,0,0,0,0,0,0,0,0,0.0,0.0,0.0,0.0,0,0,0,0,0,0.00,0.00,0.00,0.00,50,4,5997,898,894,36
120,DEF,454490,Michael,Svoboda,2645237,1,False,4,0,0,0,0,0,0,0,0,0,0,0,5,2.4,0.0,0.0,0.2,0,1,1,1,0,0.00,0.00,0.00,0.14,50,-310,5657,647,957,36
121,MID,451340,Mitoma,Kaoru,2645201,0,False,0,0,0,0,0,0,0,0,0,0,0,0,0,0.0,0.0,0.0,0.0,0,0,0,0,0,0.00,0.00,0.00,0.00,60,0,4360,0,0,36
121,MID,451340,Mitoma,Kaoru,2645207,0,False,0,0,0,0,0,0,0,0,0,0,0,0,0,0.0,0.0,0.0,0.0,0,0,0,0,0,0.00,0.00,0.00,0.00,60,-1078,4114,159,1237,36
121,MID,451340,Mitoma,Kaoru,2645217,0,False,0,0,0,0,0,0,0,0,0,0,0,0,0,0.0,0.0,0.0,0.0,0,0,0,0,0,0.00,0.00,0.00,0.00,60,-821,3542,130,951,36
121,MID,451340,Mitoma,Kaoru,2645228,0,False,0,0,0,0,0,0,0,0,0,0,0,0,0,0.0,0.0,0.0,0.0,0,0,0,0,0,0.00,0.00,0.00,0.00,59,-383,3299,74,457,36
121,MID,451340,Mitoma,Kaoru,2645237,0,False,0,0,0,0,0,0,0,0,0,0,0,0,0,0.0,0.0,0.0,0.0,0,0,0,0,0,0.00,0.00,0.00,0.00,59,-229,3148,63,292,36
122,MID,592031,Yankuba,Minteh,2645201,0,False,0,0,0,0,0,0,0,0,0,0,0,0,0,0.0,0.0,0.0,0.0,0,0,0,0,0,0.00,0.00,0.00,0.00,60,0,9337,0,0,36
122,MID,592031,Yankuba,Minteh,2645207,0,False,0,0,0,0,0,0,0,0,0,0,0,0,0,0.0,0.0,0.0,0.0,0,0,0,0,0,0.00,0.00,0.00,0.00,60,-3381,6199,140,3521,36
122,MID,592031,Yankuba,Minteh,2645217,0,False,0,0,0,0,0,0,0,0,0,0,0,0,0,0.0,0.0,0.0,0.0,0,0,0,0,0,0.00,0.00,0.00,0.00,59,-1839,4472,87,1926,36
122,MID,592031,Yankuba,Minteh,2645228,0,False,0,0,0,0,0,0,0,0,0,0,0,0,0,0.0,0.0,0.0,0.0,0,0,0,0,0,0.00,0.00,0.00,0.00,59,-716,3821,35,751,36
122,MID,592031,Yankuba,Minteh,2645237,0,False,0,0,0,0,0,0,0,0,0,0,0,0,0,0.0,0.0,0.0,0.0,0,0,0,0,0,0.00,0.00,0.00,0.00,59,-448,3397,28,476,36
123,MID,532529,Jack,Hinshelwood,2645201,16,False,63,2,0,1,0,0,0,0,0,0,0,3,54,72.8,13.4,59.0,14.5,0,1,2,3,1,1.41,0.02,1.43,0.19,60,0,39219,0,0,36
123,MID,532529,Jack,Hinshelwood,2645207,0,False,0,0,0,0,0,0,0,0,0,0,0,0,0,0.0,0.0,0.0,0.0,0,0,0,0,0,0.00,0.00,0.00,0.00,60,101743,230171,139828,38085,36
123,MID,532529,Jack,Hinshelwood,2645217,0,False,0,0,0,0,0,0,0,0,0,0,0,0,0,0.0,0.0,0.0,0.0,0,0,0,0,0,0.00,0.00,0.00,0.00,60,-92072,129183,6623,98695,36
123,MID,532529,Jack,Hinshelwood,2645228,0,False,0,0,0,0,0,0,0,0,0,0,0,0,0,0.0,0.0,0.0,0.0,0,0,0,0,0,0.00,0.00,0.00,0.00,60,-44735,91458,1042,45777,36
123,MID,532529,Jack,Hinshelwood,2645237,0,False,0,0,0,0,0,0,0,0,0,0,0,0,0,0.0,0.0,0.0,0.0,0,0,0,0,0,0.00,0.00,0.00,0.00,59,-26541,66553,128,26669,36
124,MID,60307,Pascal,Groß,2645201,2,False,90,0,0,1,0,0,0,0,1,0,0,0,18,21.0,56.9,8.0,8.6,0,2,3,5,1,0.00,0.27,0.27,0.29,55,0,1308033,0,0,36
124,MID,60307,Pascal,Groß,2645207,13,False,90,1,1,0,4,0,0,0,0,0,0,3,46,47.8,33.2,23.0,10.4,2,3,1,6,1,0.05,0.11,0.16,2.93,55,-81694,1268429,24179,105873,36
124,MID,60307,Pascal,Groß,2645217,1,False,90,0,0,0,1,0,0,0,1,0,0,0,-1,0.0,16.5,19.0,3.2,2,2,0,4,1,0.79,0.04,0.83,2.49,55,341111,1691790,448315,107204,36
124,MID,60307,Pascal,Groß,2645228,17,False,90,1,2,1,0,0,0,0,0,0,0,3,56,83.8,79.1,18.0,18.1,2,2,2,6,1,0.82,0.19,1.01,1.33,56,72242,1745184,283590,211348,36
124,MID,60307,Pascal,Groß,2645237,14,False,90,1,1,1,0,0,0,0,0,0,0,3,47,58.4,30.3,16.0,10.5,3,1,1,5,1,0.11,0.25,0.36,1.63,57,499051,2264407,604409,105358,36
125,FWD,463067,Georginio,Rutter,2645201,5,False,90,0,1,1,0,0,0,0,0,0,0,0,22,19.8,11.4,15.0,4.6,1,4,2,7,1,0.08,0.44,0.52,0.29,55,0,78765,0,0,36
125,FWD,463067,Georginio,Rutter,2645207,0,False,0,0,0,0,0,0,0,0,0,0,0,0,0,0.0,0.0,0.0,0.0,0,0,0,0,0,0.00,0.00,0.00,0.00,55,8880,98683,23887,15007,36
125,FWD,463067,Georginio,Rutter,2645217,0,False,0,0,0,0,0,0,0,0,0,0,0,0,0,0.0,0.0,0.0,0.0,0,0,0,0,0,0.00,0.00,0.00,0.00,55,-21930,74079,4546,26476,36
125,FWD,463067,Georginio,Rutter,2645228,0,False,0,0,0,0,0,0,0,0,0,0,0,0,0,0.0,0.0,0.0,0.0,0,0,0,0,0,0.00,0.00,0.00,0.00,54,-17412,58474,1249,18661,36
125,FWD,463067,Georginio,Rutter,2645237,1,False,14,0,0,0,0,0,0,0,0,0,0,0,2,0.4,0.3,4.0,0.5,0,2,0,2,0,0.09,0.01,0.10,0.74,54,-10169,49762,2315,12484,36
126,MID,219249,Matt,O'Riley,2645201,0,False,0,0,0,0,0,0,0,0,0,0,0,0,0,0.0,0.0,0.0,0.0,0,0,0,0,0,0.00,0.00,0.00,0.00,55,0,8249,0,0,36
126,MID,219249,Matt,O'Riley,2645207,0,False,0,0,0,0,0,0,0,0,0,0,0,0,0,0.0,0.0,0.0,0.0,0,0,0,0,0,0.00,0.00,0.00,0.00,55,-696,10143,656,1352,36
126,MID,219249,Matt,O'Riley,2645217,0,False,0,0,0,0,0,0,0,0,0,0,0,0,0,0.0,0.0,0.0,0.0,0,0,0,0,0,0.00,0.00,0.00,0.00,55,-909,10276,1040,1949,36
126,MID,219249,Matt,O'Riley,2645228,1,False,6,0,0,0,0,0,0,0,0,0,0,0,4,2.2,10.5,0.0,1.3,0,1,0,1,0,0.00,0.01,0.01,0.04,55,-515,10605,901,1416,36
126,MID,219249,Matt,O'Riley,2645237,1,False,4,0,0,0,0,0,0,0,0,0,0,0,2,6.0,0.0,19.0,2.5,2,0,0,2,0,0.28,0.00,0.28,0.14,54,-662,10353,577,1239,36
127,MID,514254,Diego,Gómez Amarilla,2645201,6,False,85,0,1,1,0,0,0,0,0,0,0,0,27,33.0,25.1,41.0,9.9,2,1,3,6,1,0.18,0.48,0.66,0.29,50,0,355972,0,0,36
127,MID,514254,Diego,Gómez Amarilla,2645207,5,False,90,0,1,0,4,0,0,0,0,0,0,0,15,4.6,20.3,42.0,6.7,1,2,2,5,1,0.38,0.17,0.55,2.93,50,7080,380491,23952,16872,36
127,MID,514254,Diego,Gómez Amarilla,2645217,2,False,90,0,0,0,1,0,0,0,0,0,0,0,13,15.2,26.4,30.0,7.2,2,4,3,9,1,0.09,0.05,0.14,2.49,50,117389,525464,177501,60112,36
127,MID,514254,Diego,Gómez Amarilla,2645228,3,False,83,0,0,1,0,0,0,0,0,0,0,0,6,2.4,9.0,9.0,2.0,1,2,0,3,1,0.14,0.06,0.20,1.30,50,5076,522783,107677,102601,36
127,MID,514254,Diego,Gómez Amarilla,2645237,8,False,85,0,1,1,0,0,0,0,0,0,0,0,19,29.0,22.6,4.0,5.6,1,7,5,13,1,0.00,0.02,0.02,1.48,50,-68669,439801,13377,82046,36
128,MID,536916,Facundo,Buonanotte,2645201,0,False,0,0,0,0,0,0,0,0,0,0,0,0,0,0.0,0.0,0.0,0.0,0,0,0,0,0,0.00,0.00,0.00,0.00,50,0,528,0,0,36
128,MID,536916,Facundo,Buonanotte,2645207,0,False,0,0,0,0,0,0,0,0,0,0,0,0,0,0.0,0.0,0.0,0.0,0,0,0,0,0,0.00,0.00,0.00,0.00,50,-173,346,0,173,36
128,MID,536916,Facundo,Buonanotte,2645217,0,False,0,0,0,0,0,0,0,0,0,0,0,0,0,0.0,0.0,0.0,0.0,0,0,0,0,0,0.00,0.00,0.00,0.00,50,-94,257,0,94,36
128,MID,536916,Facundo,Buonanotte,2645228,0,False,0,0,0,0,0,0,0,0,0,0,0,0,0,0.0,0.0,0.0,0.0,0,0,0,0,0,0.00,0.00,0.00,0.00,50,-39,223,0,39,36
128,MID,536916,Facundo,Buonanotte,2645237,0,False,0,0,0,0,0,0,0,0,0,0,0,0,0,0.0,0.0,0.0,0.0,0,0,0,0,0,0.00,0.00,0.00,0.00,50,-17,206,0,17,36
129,MID,509416,Yasin,Ayari,2645201,2,False,63,0,0,1,0,0,0,0,1,0,0,0,8,0.0,15.0,6.0,1.7,1,3,0,4,1,0.11,0.03,0.14,0.19,55,0,61091,0,0,36
129,MID,509416,Yasin,Ayari,2645207,0,False,0,0,0,0,0,0,0,0,0,0,0,0,0,0.0,0.0,0.0,0.0,0,0,0,0,0,0.00,0.00,0.00,0.00,55,-4277,62632,3334,7611,36
129,MID,509416,Yasin,Ayari,2645217,2,False,90,0,0,0,1,0,0,0,0,0,0,0,18,11.4,14.8,18.0,4.4,1,2,0,3,1,0.17,0.04,0.21,2.49,54,-19892,42114,1443,21335,36
129,MID,509416,Yasin,Ayari,2645228,8,False,90,1,0,1,0,0,0,0,0,0,0,0,38,39.0,6.8,27.0,7.3,0,6,1,7,1,0.31,0.03,0.34,1.33,54,-4206,39911,2011,6217,36
129,MID,509416,Yasin,Ayari,2645237,3,False,90,0,0,1,0,0,0,0,0,0,0,0,7,5.6,12.3,17.0,3.5,2,4,1,7,1,0.11,0.08,0.19,1.63,54,-939,39428,3453,4392,36
130,DEF,467779,Mats,Wieffer,2645201,7,False,77,0,0,1,0,0,0,0,0,0,0,1,32,16.6,26.3,6.0,4.9,4,5,4,8,1,0.09,0.05,0.14,0.29,50,0,22925,0,0,36
130,DEF,467779,Mats,Wieffer,2645207,0,False,79,0,0,0,4,0,0,0,0,0,0,0,6,20.4,9.2,4.0,3.4,7,4,0,7,1,0.03,0.08,0.11,2.89,50,10371,43921,13428,3057,36
130,DEF,467779,Mats,Wieffer,2645217,0,False,0,0,0,0,0,0,0,0,0,0,0,0,0,0.0,0.0,0.0,0.0,0,0,0,0,0,0.00,0.00,0.00,0.00,50,-473,46414,12362,12835,36
130,DEF,467779,Mats,Wieffer,2645228,0,False,0,0,0,0,0,0,0,0,0,0,0,0,0,0.0,0.0,0.0,0.0,0,0,0,0,0,0.00,0.00,0.00,0.00,50,-18513,26541,68,18581,36
130,DEF,467779,Mats,Wieffer,2645237,0,False,0,0,0,0,0,0,0,0,0,0,0,0,0,0.0,0.0,0.0,0.0,0,0,0,0,0,0.00,0.00,0.00,0.00,49,-6902,20558,57,6959,36
132,MID,597320,Harry,Howell,2645201,0,False,0,0,0,0,0,0,0,0,0,0,0,0,0,0.0,0.0,0.0,0.0,0,0,0,0,0,0.00,0.00,0.00,0.00,45,0,6770,0,0,36
132,MID,597320,Harry,Howell,2645207,0,False,0,0,0,0,0,0,0,0,0,0,0,0,0,0.0,0.0,0.0,0.0,0,0,0,0,0,0.00,0.00,0.00,0.00,45,-1532,5161,0,1532,36
132,MID,597320,Harry,Howell,2645217,0,False,0,0,0,0,0,0,0,0,0,0,0,0,0,0.0,0.0,0.0,0.0,0,0,0,0,0,0.00,0.00,0.00,0.00,45,-976,4183,0,976,36
132,MID,597320,Harry,Howell,2645228,0,False,0,0,0,0,0,0,0,0,0,0,0,0,0,0.0,0.0,0.0,0.0,0,0,0,0,0,0.00,0.00,0.00,0.00,45,-575,3658,0,575,36
132,MID,597320,Harry,Howell,2645237,0,False,0,0,0,0,0,0,0,0,0,0,0,0,0,0.0,0.0,0.0,0.0,0,0,0,0,0,0.00,0.00,0.00,0.00,45,-395,3291,0,395,36
133,MID,549074,Tom,Watson,2645201,0,False,0,0,0,0,0,0,0,0,0,0,0,0,0,0.0,0.0,0.0,0.0,0,0,0,0,0,0.00,0.00,0.00,0.00,50,0,241,0,0,36
133,MID,549074,Tom,Watson,2645207,0,False,0,0,0,0,0,0,0,0,0,0,0,0,0,0.0,0.0,0.0,0.0,0,0,0,0,0,0.00,0.00,0.00,0.00,50,-56,182,0,56,36
133,MID,549074,Tom,Watson,2645217,0,False,0,0,0,0,0,0,0,0,0,0,0,0,0,0.0,0.0,0.0,0.0,0,0,0,0,0,0.00,0.00,0.00,0.00,50,-46,139,0,46,36
133,MID,549074,Tom,Watson,2645228,0,False,0,0,0,0,0,0,0,0,0,0,0,0,0,0.0,0.0,0.0,0.0,0,0,0,0,0,0.00,0.00,0.00,0.00,50,-19,122,0,19,36
133,MID,549074,Tom,Watson,2645237,0,False,0,0,0,0,0,0,0,0,0,0,0,0,0,0.0,0.0,0.0,0.0,0,0,0,0,0,0.00,0.00,0.00,0.00,50,-10,112,0,10,36
134,MID,556637,Nehemiah,Oriola,2645201,0,False,0,0,0,0,0,0,0,0,0,0,0,0,0,0.0,0.0,0.0,0.0,0,0,0,0,0,0.00,0.00,0.00,0.00,45,0,24725,0,0,36
134,MID,556637,Nehemiah,Oriola,2645207,0,False,0,0,0,0,0,0,0,0,0,0,0,0,0,0.0,0.0,0.0,0.0,0,0,0,0,0,0.00,0.00,0.00,0.00,45,-1072,27277,1708,2780,36
134,MID,556637,Nehemiah,Oriola,2645217,0,False,0,0,0,0,0,0,0,0,0,0,0,0,0,0.0,0.0,0.0,0.0,0,0,0,0,0,0.00,0.00,0.00,0.00,45,-147,29432,3612,3759,36
134,MID,556637,Nehemiah,Oriola,2645228,0,False,0,0,0,0,0,0,0,0,0,0,0,0,0,0.0,0.0,0.0,0.0,0,0,0,0,0,0.00,0.00,0.00,0.00,45,-1093,28553,2194,3287,36
134,MID,556637,Nehemiah,Oriola,2645237,0,False,0,0,0,0,0,0,0,0,0,0,0,0,0,0.0,0.0,0.0,0.0,0,0,0,0,0,0.00,0.00,0.00,0.00,45,-2152,26306,890,3042,36
135,MID,700308,Zadok,Yohanna,2645201,1,False,12,0,0,0,0,0,0,0,0,0,0,0,3,0.2,1.3,0.0,0.2,0,0,0,0,0,0.00,0.03,0.03,0.00,50,0,6623,0,0,36
135,MID,700308,Zadok,Yohanna,2645207,0,False,0,0,0,0,0,0,0,0,0,0,0,0,0,0.0,0.0,0.0,0.0,0,0,0,0,0,0.00,0.00,0.00,0.00,50,-506,6909,373,879,36
135,MID,700308,Zadok,Yohanna,2645217,0,False,0,0,0,0,0,0,0,0,0,0,0,0,0,0.0,0.0,0.0,0.0,0,0,0,0,0,0.00,0.00,0.00,0.00,50,-1062,6108,517,1579,36
135,MID,700308,Zadok,Yohanna,2645228,0,False,0,0,0,0,0,0,0,0,0,0,0,0,0,0.0,0.0,0.0,0.0,0,0,0,0,0,0.00,0.00,0.00,0.00,49,-1135,5076,318,1453,36
135,MID,700308,Zadok,Yohanna,2645237,0,False,0,0,0,0,0,0,0,0,0,0,0,0,0,0.0,0.0,0.0,0.0,0,0,0,0,0,0.00,0.00,0.00,0.00,49,-1161,3954,35,1196,36
137,FWD,608181,Stefanos,Tzimas,2645201,0,False,0,0,0,0,0,0,0,0,0,0,0,0,0,0.0,0.0,0.0,0.0,0,0,0,0,0,0.00,0.00,0.00,0.00,55,0,879,0,0,36
137,FWD,608181,Stefanos,Tzimas,2645207,0,False,0,0,0,0,0,0,0,0,0,0,0,0,0,0.0,0.0,0.0,0.0,0,0,0,0,0,0.00,0.00,0.00,0.00,55,-168,839,84,252,36
137,FWD,608181,Stefanos,Tzimas,2645217,0,False,0,0,0,0,0,0,0,0,0,0,0,0,0,0.0,0.0,0.0,0.0,0,0,0,0,0,0.00,0.00,0.00,0.00,55,-130,754,80,210,36
137,FWD,608181,Stefanos,Tzimas,2645228,0,False,0,0,0,0,0,0,0,0,0,0,0,0,0,0.0,0.0,0.0,0.0,0,0,0,0,0,0.00,0.00,0.00,0.00,55,-82,705,70,152,36
137,FWD,608181,Stefanos,Tzimas,2645237,0,False,0,0,0,0,0,0,0,0,0,0,0,0,0,0.0,0.0,0.0,0.0,0,0,0,0,0,0.00,0.00,0.00,0.00,54,-21,710,63,84,36
138,FWD,647850,Charalampos,Kostoulas,2645201,1,False,26,0,0,0,0,0,0,0,0,0,0,0,-1,0.0,0.4,10.0,0.9,0,1,1,2,0,0.18,0.00,0.18,0.10,55,0,19339,0,0,36
138,FWD,647850,Charalampos,Kostoulas,2645207,5,False,79,0,1,0,4,0,0,0,0,0,0,0,17,5.0,15.1,17.0,3.7,0,6,0,6,1,0.17,0.02,0.19,2.89,55,-767,22097,1384,2151,36
138,FWD,647850,Charalampos,Kostoulas,2645217,2,False,90,0,0,0,1,0,0,0,0,0,0,0,9,9.6,5.3,24.0,3.9,3,4,1,8,1,0.43,0.02,0.45,2.49,55,23615,52785,29733,6118,36
138,FWD,647850,Charalampos,Kostoulas,2645228,10,False,83,1,1,1,0,0,0,0,0,0,0,1,40,33.0,7.0,38.0,7.8,2,4,1,7,1,0.39,0.01,0.40,1.30,55,7254,59839,16416,9162,36
138,FWD,647850,Charalampos,Kostoulas,2645237,10,False,75,1,1,1,0,0,0,0,1,0,0,2,40,48.2,11.3,38.0,9.8,0,3,1,4,1,0.18,0.01,0.19,0.89,55,42079,105077,57158,15079,36
139,FWD,487117,Evan,Ferguson,2645201,0,False,0,0,0,0,0,0,0,0,0,0,0,0,0,0.0,0.0,0.0,0.0,0,0,0,0,0,0.00,0.00,0.00,0.00,50,0,2877,0,0,36
139,FWD,487117,Evan,Ferguson,2645207,0,False,0,0,0,0,0,0,0,0,0,0,0,0,0,0.0,0.0,0.0,0.0,0,0,0,0,0,0.00,0.00,0.00,0.00,50,-305,3163,318,623,36
139,FWD,487117,Evan,Ferguson,2645217,0,False,0,0,0,0,0,0,0,0,0,0,0,0,0,0.0,0.0,0.0,0.0,0,0,0,0,0,0.00,0.00,0.00,0.00,50,-173,3252,545,718,36
139,FWD,487117,Evan,Ferguson,2645228,0,False,0,0,0,0,0,0,0,0,0,0,0,0,0,0.0,0.0,0.0,0.0,0,0,0,0,0,0.00,0.00,0.00,0.00,50,-178,3222,346,524,36
139,FWD,487117,Evan,Ferguson,2645237,0,False,0,0,0,0,0,0,0,0,0,0,0,0,0,0.0,0.0,0.0,0.0,0,0,0,0,0,0.00,0.00,0.00,0.00,50,-162,3174,242,404,36
328,DEF,222694,Pascal,Struijk,2645201,0,False,0,0,0,0,0,0,0,0,0,0,0,0,0,0.0,0.0,0.0,0.0,0,0,0,0,0,0.00,0.00,0.00,0.00,50,0,19933,0,0,36
328,DEF,222694,Pascal,Struijk,2645207,0,False,0,0,0,0,0,0,0,0,0,0,0,0,0,0.0,0.0,0.0,0.0,0,0,0,0,0,0.00,0.00,0.00,0.00,50,-1138,22519,1416,2554,36
328,DEF,222694,Pascal,Struijk,2645217,1,False,1,0,0,0,0,0,0,0,0,0,0,0,3,0.2,0.1,0.0,0.0,0,0,0,0,0,0.00,0.00,0.00,0.00,50,-2128,21218,1548,3676,36
328,DEF,222694,Pascal,Struijk,2645228,1,False,12,0,0,0,0,0,0,0,0,0,0,0,4,11.2,0.8,0.0,1.2,4,0,0,4,0,0.00,0.01,0.01,0.22,50,-1007,20832,1494,2501,36
328,DEF,222694,Pascal,Struijk,2645237,5,False,85,0,0,1,0,0,0,0,1,0,0,0,24,20.8,0.6,7.0,2.8,5,6,1,6,1,0.16,0.00,0.16,1.48,49,-1949,18865,571,2520,36
504,DEF,610799,Luka,Vušković,2645201,6,False,90,0,0,1,0,0,0,0,0,0,0,0,19,12.4,4.5,12.0,2.9,4,2,0,4,1,0.13,0.03,0.16,0.29,50,0,221596,0,0,36
504,DEF,610799,Luka,Vušković,2645207,0,False,90,0,0,0,4,0,0,0,0,0,0,0,-2,22.8,8.3,5.0,3.6,7,3,1,8,1,0.03,0.02,0.05,2.93,50,8839,250629,21186,12347,36
504,DEF,610799,Luka,Vušković,2645217,12,False,90,1,0,0,1,0,0,0,0,0,0,2,27,56.2,1.8,40.0,9.8,8,4,2,10,1,0.19,0.01,0.20,2.49,50,-9735,244648,22843,32578,36
504,DEF,610799,Luka,Vušković,2645228,6,False,77,0,0,1,0,0,0,0,0,0,0,0,27,16.2,1.8,13.0,3.1,8,4,1,9,1,0.11,0.01,0.12,1.11,50,86436,369539,131383,44947,36
504,DEF,610799,Luka,Vušković,2645237,8,False,90,0,0,1,0,0,0,0,0,0,0,0,27,20.6,1.6,2.0,2.4,10,4,2,12,1,0.00,0.00,0.00,1.63,50,-7252,332297,27688,34940,36
594,FWD,538007,Promise,David,2645201,0,False,0,0,0,0,0,0,0,0,0,0,0,0,0,0.0,0.0,0.0,0.0,0,0,0,0,0,0.00,0.00,0.00,0.00,60,0,20944,0,0,36
594,FWD,538007,Promise,David,2645207,1,False,10,0,0,0,0,0,0,0,0,0,0,0,3,0.0,3.7,0.0,0.4,0,0,0,0,0,0.00,0.00,0.00,0.04,60,-1622,25435,2519,4141,36
594,FWD,538007,Promise,David,2645217,0,False,13,0,0,0,0,0,0,0,1,0,0,0,-7,0.0,0.0,4.0,0.0,0,0,0,0,0,0.42,0.00,0.42,0.10,60,-1278,25799,4444,5722,36
594,FWD,538007,Promise,David,2645228,0,False,0,0,0,0,0,0,0,0,0,0,0,0,0,0.0,0.0,0.0,0.0,0,0,0,0,0,0.00,0.00,0.00,0.00,60,-2415,24399,2799,5214,36
594,FWD,538007,Promise,David,2645237,0,False,0,0,0,0,0,0,0,0,0,0,0,0,0,0.0,0.0,0.0,0.0,0,0,0,0,0,0.00,0.00,0.00,0.00,60,-3096,21728,2100,5196,36
600,MID,612855,Ibrahim,Osman,2645201,1,False,12,0,0,0,0,0,0,0,0,0,0,0,7,4.2,15.4,4.0,2.4,0,2,0,2,0,0.00,0.05,0.05,0.00,50,0,633,0,0,36
600,MID,612855,Ibrahim,Osman,2645207,1,False,16,0,0,0,1,0,0,0,0,0,0,0,6,3.0,1.3,2.0,0.6,0,0,1,1,0,0.00,0.01,0.01,0.10,50,75,1521,218,143,36
600,MID,612855,Ibrahim,Osman,2645217,0,False,0,0,0,0,0,0,0,0,0,0,0,0,0,0.0,0.0,0.0,0.0,0,0,0,0,0,0.00,0.00,0.00,0.00,50,30,1841,312,282,36
600,MID,612855,Ibrahim,Osman,2645228,1,False,12,0,0,0,0,0,0,0,0,0,0,0,2,0.0,1.1,13.0,1.2,0,1,0,1,0,0.05,0.01,0.06,0.22,50,-148,1793,153,301,36
600,MID,612855,Ibrahim,Osman,2645237,0,False,0,0,0,0,0,0,0,0,0,0,0,0,0,0.0,0.0,0.0,0.0,0,0,0,0,0,0.00,0.00,0.00,0.00,50,-93,1757,148,241,36
605,MID,611695,Malick,Yalcouyé,2645201,1,False,4,0,0,0,0,0,0,0,0,0,0,0,3,0.6,2.7,0.0,0.3,0,0,0,0,0,0.00,0.01,0.01,0.00,45,0,0,0,0,36
605,MID,611695,Malick,Yalcouyé,2645207,8,False,73,1,0,0,3,0,0,0,0,0,0,1,39,50.8,20.1,42.0,11.3,2,2,3,7,1,0.70,0.16,0.86,2.83,45,3387,9806,4339,952,36
605,MID,611695,Malick,Yalcouyé,2645217,2,False,90,0,0,0,1,0,0,0,0,0,0,0,16,8.2,24.4,20.0,5.3,2,3,0,5,1,0.05,0.09,0.14,2.49,45,174780,252653,208413,33633,36
605,MID,611695,Malick,Yalcouyé,2645228,8,False,64,1,0,1,0,0,0,0,0,0,0,0,29,47.4,12.8,43.0,10.3,2,2,2,6,1,0.67,0.01,0.68,1.11,45,125140,374976,185444,60304,36
605,MID,611695,Malick,Yalcouyé,2645237,1,False,5,0,0,0,0,0,0,0,0,0,0,0,9,2.2,10.3,6.0,1.9,0,0,1,1,0,0.04,0.18,0.22,0.14,45,87628,450411,130693,43065,36
614,DEF,512123,Jaouen,Hadjam,2645207,0,False,0,0,0,0,0,0,0,0,0,0,0,0,0,0.0,0.0,0.0,0.0,0,0,0,0,0,0.00,0.00,0.00,0.00,45,952,1839,1006,54,36
614,DEF,512123,Jaouen,Hadjam,2645217,0,False,0,0,0,0,0,0,0,0,0,0,0,0,0,0.0,0.0,0.0,0.0,0,0,0,0,0,0.00,0.00,0.00,0.00,45,1310,4150,1795,485,36
614,DEF,512123,Jaouen,Hadjam,2645228,0,False,0,0,0,0,0,0,0,0,0,0,0,0,0,0.0,0.0,0.0,0.0,0,0,0,0,0,0.00,0.00,0.00,0.00,45,-135,4155,425,560,36
614,DEF,512123,Jaouen,Hadjam,2645237,0,False,0,0,0,0,0,0,0,0,0,0,0,0,0,0.0,0.0,0.0,0.0,0,0,0,0,0,0.00,0.00,0.00,0.00,45,-93,4264,513,606,36
624,MID,519324,Amario,Cozier-Duberry,2645207,0,False,0,0,0,0,0,0,0,0,0,0,0,0,0,0.0,0.0,0.0,0.0,0,0,0,0,0,0.00,0.00,0.00,0.00,50,0,0,0,0,36
624,MID,519324,Amario,Cozier-Duberry,2645217,0,False,0,0,0,0,0,0,0,0,0,0,0,0,0,0.0,0.0,0.0,0.0,0,0,0,0,0,0.00,0.00,0.00,0.00,50,61,111,117,56,36
624,MID,519324,Amario,Cozier-Duberry,2645228,0,False,0,0,0,0,0,0,0,0,0,0,0,0,0,0.0,0.0,0.0,0.0,0,0,0,0,0,0.00,0.00,0.00,0.00,50,-40,61,0,40,36
624,MID,519324,Amario,Cozier-Duberry,2645237,0,False,0,0,0,0,0,0,0,0,0,0,0,0,0,0.0,0.0,0.0,0.0,0,0,0,0,0,0.00,0.00,0.00,0.00,50,-12,51,0,12,36
639,MID,592984,José María,Andrés Baixauli,2645217,0,False,0,0,0,0,0,0,0,0,0,0,0,0,0,0.0,0.0,0.0,0.0,0,0,0,0,0,0.00,0.00,0.00,0.00,55,219,345,261,42,36
639,MID,592984,José María,Andrés Baixauli,2645228,4,False,25,0,1,0,0,0,0,0,0,0,0,0,10,18.8,13.1,2.0,3.4,2,1,1,4,0,0.24,0.01,0.25,0.22,55,318,812,513,195,36
639,MID,592984,José María,Andrés Baixauli,2645237,8,False,84,1,0,1,0,0,0,0,0,0,0,0,27,33.4,4.8,37.0,7.5,2,7,0,9,1,0.28,0.11,0.39,1.48,55,239,1188,470,231,36
652,MID,471551,Femi,Azeez,2645217,0,False,0,0,0,0,0,0,0,0,0,0,0,0,0,0.0,0.0,0.0,0.0,0,0,0,0,0,0.00,0.00,0.00,0.00,55,214,256,248,34,36
652,MID,471551,Femi,Azeez,2645228,0,False,0,0,0,0,0,0,0,0,0,0,0,0,0,0.0,0.0,0.0,0.0,0,0,0,0,0,0.00,0.00,0.00,0.00,55,62,315,121,59,36
652,MID,471551,Femi,Azeez,2645237,0,False,0,0,0,0,0,0,0,0,0,0,0,0,0,0.0,0.0,0.0,0.0,0,0,0,0,0,0.00,0.00,0.00,0.00,55,-10,308,54,64,36
658,MID,661016,Younes,Ibrahim,2645228,0,False,0,0,0,0,0,0,0,0,0,0,0,0,0,0.0,0.0,0.0,0.0,0,0,0,0,0,0.00,0.00,0.00,0.00,45,0,0,0,0,36
658,MID,661016,Younes,Ibrahim,2645237,0,False,0,0,0,0,0,0,0,0,0,0,0,0,0,0.0,0.0,0.0,0.0,0,0,0,0,0,0.00,0.00,0.00,0.00,45,895,1545,1163,268,36
